,0
0,pst:PSPTO_1544
1,pst:PSPTO_3721
2,pst:PSPTO_3830
3,pst:PSPTO_0075
4,pst:PSPTO_0080
5,pst:PSPTO_0085
6,pst:PSPTO_0125
7,pst:PSPTO_0128
8,pst:PSPTO_0129
9,pst:PSPTO_0182
10,pst:PSPTO_0221
11,pst:PSPTO_0359
12,pst:PSPTO_0383
13,pst:PSPTO_0417
14,pst:PSPTO_0434
15,pst:PSPTO_0542
16,pst:PSPTO_0554
17,pst:PSPTO_0566
18,pst:PSPTO_0593
19,pst:PSPTO_0594
20,pst:PSPTO_0598
21,pst:PSPTO_0601
22,pst:PSPTO_0611
23,pst:PSPTO_0690
24,pst:PSPTO_0691
25,pst:PSPTO_0698
26,pst:PSPTO_0699
27,pst:PSPTO_0730
28,pst:PSPTO_0796
29,pst:PSPTO_0805
30,pst:PSPTO_0809
31,pst:PSPTO_0948
32,pst:PSPTO_0960
33,pst:PSPTO_0961
34,pst:PSPTO_0981
35,pst:PSPTO_0982
36,pst:PSPTO_0983
37,pst:PSPTO_0984
38,pst:PSPTO_1024
39,pst:PSPTO_1077
40,pst:PSPTO_1078
41,pst:PSPTO_1079
42,pst:PSPTO_1080
43,pst:PSPTO_1081
44,pst:PSPTO_1104
45,pst:PSPTO_1105
46,pst:PSPTO_1148
47,pst:PSPTO_1335
48,pst:PSPTO_1434
49,pst:PSPTO_1450
50,pst:PSPTO_1459
51,pst:PSPTO_1520
52,pst:PSPTO_1538
53,pst:PSPTO_1539
54,pst:PSPTO_1540
55,pst:PSPTO_1546
56,pst:PSPTO_1547
57,pst:PSPTO_1556
58,pst:PSPTO_1560
59,pst:PSPTO_1582
60,pst:PSPTO_1602
61,pst:PSPTO_1633
62,pst:PSPTO_1661
63,pst:PSPTO_1671
64,pst:PSPTO_1675
65,pst:PSPTO_1695
66,pst:PSPTO_1700
67,pst:PSPTO_1714
68,pst:PSPTO_1715
69,pst:PSPTO_1716
70,pst:PSPTO_1717
71,pst:PSPTO_1742
72,pst:PSPTO_1907
73,pst:PSPTO_1916
74,pst:PSPTO_1990
75,pst:PSPTO_2028
76,pst:PSPTO_2043
77,pst:PSPTO_2055
78,pst:PSPTO_2168
79,pst:PSPTO_2175
80,pst:PSPTO_2179
81,pst:PSPTO_2211
82,pst:PSPTO_2275
83,pst:PSPTO_2280
84,pst:PSPTO_2282
85,pst:PSPTO_2341
86,pst:PSPTO_2464
87,pst:PSPTO_2595
88,pst:PSPTO_2627
89,pst:PSPTO_2628
90,pst:PSPTO_2629
91,pst:PSPTO_2630
92,pst:PSPTO_3022
93,pst:PSPTO_3113
94,pst:PSPTO_3745
95,pst:PSPTO_3793
96,pst:PSPTO_3811
97,pst:PSPTO_3814
98,pst:PSPTO_3816
99,pst:PSPTO_3827
100,pst:PSPTO_3829
101,pst:PSPTO_3834
102,pst:PSPTO_3843
103,pst:PSPTO_3871
104,pst:PSPTO_3950
105,pst:PSPTO_3953
106,pst:PSPTO_4024
107,pst:PSPTO_4155
108,pst:PSPTO_4164
109,pst:PSPTO_4248
110,pst:PSPTO_4394
111,pst:PSPTO_4397
112,pst:PSPTO_4402
113,pst:PSPTO_4421
114,pst:PSPTO_4438
115,pst:PSPTO_4439
116,pst:PSPTO_4495
117,pst:PSPTO_4501
118,pst:PSPTO_4502
119,pst:PSPTO_4503
120,pst:PSPTO_4799
121,pst:PSPTO_4829
122,pst:PSPTO_4859
123,pst:PSPTO_4866
124,pst:PSPTO_4867
125,pst:PSPTO_4943
126,pst:PSPTO_4955
127,pst:PSPTO_4976
128,pst:PSPTO_4978
129,pst:PSPTO_4983
130,pst:PSPTO_4984
131,pst:PSPTO_5001
132,pst:PSPTO_5002
133,pst:PSPTO_5003
134,pst:PSPTO_5040
135,pst:PSPTO_5057
136,pst:PSPTO_5068
137,pst:PSPTO_5100
138,pst:PSPTO_5127
139,pst:PSPTO_5150
140,pst:PSPTO_5153
141,pst:PSPTO_5154
142,pst:PSPTO_5221
143,pst:PSPTO_5222
144,pst:PSPTO_5241
145,pst:PSPTO_5251
146,pst:PSPTO_5282
147,pst:PSPTO_5335
148,pst:PSPTO_5338
149,pst:PSPTO_5475
150,pst:PSPTO_5476
151,pst:PSPTO_5521
152,pst:PSPTO_5530
153,pst:PSPTO_5586
154,pst:PSPTO_5595
155,pst:PSPTO_5597
